Order_ID,Order_Date,Customer_ID,Region,Product,Category,Quantity,Revenue,Cost,Order_Status,Processing_Time,Delivery_Time
1001,2026-01-05,C001,South,Laptop,Electronics,2,120000,90000,Delivered,6,3
1002,2026-01-07,C002,North,Phone,Electronics,3,90000,69000,Delivered,8,4
1003,2026-01-08,C003,South,Headphones,Electronics,5,25000,15000,Delivered,5,2
1004,2026-01-10,C004,West,Office Chair,Furniture,4,32000,22000,Delivered,7,5
1005,2026-01-12,C005,East,Desk,Furniture,2,30000,21000,Delayed,18,9
1006,2026-01-15,C006,South,Laptop,Electronics,1,60000,45000,Delivered,7,3
1007,2026-01-18,C007,North,Monitor,Electronics,4,80000,58000,Delivered,6,4
1008,2026-01-20,C008,West,Desk,Furniture,3,45000,31500,Cancelled,12,0
1009,2026-01-22,C009,South,Phone,Electronics,5,150000,115000,Delivered,9,5
1010,2026-01-25,C010,East,Office Chair,Furniture,2,16000,11000,Delivered,6,4
1011,2026-02-02,C011,South,Laptop,Electronics,2,120000,90000,Delayed,20,8
1012,2026-02-04,C012,North,Phone,Electronics,4,120000,92000,Delivered,8,4
1013,2026-02-06,C013,West,Headphones,Electronics,6,30000,18000,Delivered,5,3
1014,2026-02-08,C014,East,Desk,Furniture,3,45000,31500,Delivered,7,5
1015,2026-02-10,C015,South,Office Chair,Furniture,5,40000,27500,Delayed,16,8
1016,2026-02-13,C016,North,Laptop,Electronics,3,180000,135000,Delivered,9,5
1017,2026-02-16,C017,West,Phone,Electronics,2,60000,46000,Delivered,7,4
1018,2026-02-18,C018,East,Monitor,Electronics,5,100000,72000,Delivered,6,3
1019,2026-02-20,C019,South,Desk,Furniture,4,60000,42000,Cancelled,14,0
1020,2026-02-23,C020,North,Office Chair,Furniture,3,24000,16500,Delivered,8,5
1021,2026-03-02,C021,South,Laptop,Electronics,4,240000,180000,Delivered,7,3
1022,2026-03-04,C022,North,Phone,Electronics,6,180000,138000,Delivered,9,4
1023,2026-03-06,C023,West,Headphones,Electronics,8,40000,24000,Delivered,5,2
1024,2026-03-09,C024,East,Desk,Furniture,2,30000,21000,Delayed,19,9
1025,2026-03-11,C025,South,Office Chair,Furniture,4,32000,22000,Delivered,7,4
1026,2026-03-14,C026,North,Monitor,Electronics,3,60000,43500,Delivered,6,3
1027,2026-03-17,C027,West,Laptop,Electronics,2,120000,90000,Delayed,21,10
1028,2026-03-19,C028,East,Phone,Electronics,3,90000,69000,Delivered,8,5
1029,2026-03-22,C029,South,Headphones,Electronics,7,35000,21000,Delivered,5,2
1030,2026-03-25,C030,North,Desk,Furniture,4,60000,42000,Delivered,7,4